,global_id,geometry,Caption,NameOfStation
0,1773539,POINT (37.6316766 55.7573154),metro,Китай-город
1,1773540,POINT (37.631205 55.756855),metro,Китай-город
2,1773541,POINT (37.6319506 55.7572362),metro,Китай-город
3,1773542,POINT (37.633082 55.753098),metro,Китай-город
4,1773543,POINT (37.633559 55.753072),metro,Китай-город
5,1773544,POINT (37.6341765 55.7541345),metro,Китай-город
6,1773545,POINT (37.634966 55.754114),metro,Китай-город
7,1773546,POINT (37.629468 55.75664),metro,Китай-город
8,1773547,POINT (37.5392381 55.6553856),metro,Калужская
9,1773548,POINT (37.7526435 55.660114),metro,Братиславская
10,1773549,POINT (37.7517426 55.6600507),metro,Братиславская
11,1773550,POINT (37.5416454 55.5450107),metro,Бульвар адмирала Ушакова
12,1773551,POINT (37.576311 55.570289),metro,Бульвар Дмитрия Донского
13,1773552,POINT (37.577084 55.57014),metro,Бульвар Дмитрия Донского
14,1773553,POINT (37.5149399 55.5376805),metro,Бунинская аллея
15,1773554,POINT (37.61792 55.653075),metro,Варшавская
16,1773555,POINT (37.620706 55.653163),metro,Варшавская
17,1773556,POINT (37.5402196 55.6563232),metro,Калужская
18,1773557,POINT (37.5409869 55.6581538),metro,Калужская
19,1773558,POINT (37.65712 55.634606),metro,Кантемировская
20,1773559,POINT (37.657574 55.635106),metro,Кантемировская
21,1773560,POINT (37.655263 55.63673),metro,Кантемировская
22,1773562,POINT (37.5418665 55.6578591),metro,Калужская
23,1773563,POINT (37.656097 55.636917),metro,Кантемировская
24,1773564,POINT (37.7521499 55.6599107),metro,Братиславская
25,1773565,POINT (37.54459 55.7733859),metro,Беговая
26,1773566,POINT (37.5446657 55.774),metro,Беговая
27,1773567,POINT (37.5488844 55.7732229),metro,Беговая
28,1773568,POINT (37.549137 55.774375),metro,Беговая
29,1773569,POINT (37.5826448 55.7753945),metro,Белорусская
30,1773570,POINT (37.58217 55.777269),metro,Белорусская
31,1773571,POINT (37.585696 55.777448),metro,Белорусская
32,1773572,POINT (37.5253262 55.6418619),metro,Беляево
33,1773573,POINT (37.5258884 55.64149),metro,Беляево
34,1773574,POINT (37.5267264 55.643846),metro,Беляево
35,1773577,POINT (37.564427 55.742922),metro,Киевская
36,1773579,POINT (37.567119 55.743792),metro,Киевская
37,1773580,POINT (37.56757 55.743743),metro,Киевская
38,1773581,POINT (37.630006 55.756247),metro,Китай-город
39,1773582,POINT (37.630777 55.757007),metro,Китай-город
40,1773583,POINT (37.538449 55.655638),metro,Калужская
41,1773584,POINT (37.5393716 55.6565991),metro,Калужская
42,1773592,POINT (37.487262 55.839091),metro,Водный стадион
43,1773593,POINT (37.4966084 55.8198862),metro,Войковская
44,1773594,POINT (37.4978475 55.8200536),metro,Войковская
45,1773595,POINT (37.5903673 55.8483448),metro,Владыкино
46,1773596,POINT (37.4861169 55.8405471),metro,Водный стадион
47,1773597,POINT (37.4980328 55.8180816),metro,Войковская
48,1773598,POINT (37.4990514 55.8183579),metro,Войковская
49,1773599,POINT (37.4995989 55.8178071),metro,Войковская
50,1773600,POINT (37.685034 55.7256857),metro,Волгоградский проспект
51,1773601,POINT (37.7564272 55.6907047),metro,Волжская
52,1773602,POINT (37.381439 55.836391),metro,Волоколамская
53,1773603,POINT (37.383293 55.834667),metro,Волоколамская
54,1773604,POINT (37.557696 55.709398),metro,Воробьёвы горы
55,1773605,POINT (37.5616417 55.7117344),metro,Воробьёвы горы
56,1773606,POINT (37.561082 55.71191),metro,Воробьёвы горы
57,1773607,POINT (37.557116 55.708847),metro,Воробьёвы горы
58,1773610,POINT (37.8191351 55.7158154),metro,Выхино
59,1773611,POINT (37.817477 55.716297),metro,Выхино
60,1773612,POINT (37.6386606 55.8242068),metro,Выставочный центр
61,1773613,POINT (37.556447 55.790523),metro,Динамо
62,1773614,POINT (37.559939 55.7889852),metro,Динамо
63,1773615,POINT (37.580249 55.807873),metro,Дмитровская
64,1773616,POINT (37.5814213 55.8080919),metro,Дмитровская
65,1773617,POINT (37.6227295 55.7290528),metro,Добрынинская
66,1773618,POINT (37.716543 55.610926),metro,Домодедовская
67,1773619,POINT (37.5272094 55.643437),metro,Беляево
68,1773620,POINT (37.6046466 55.884046),metro,Бибирево
69,1773621,POINT (37.601567 55.884215),metro,Бибирево
70,1773622,POINT (37.605269 55.88357),metro,Бибирево
71,1773623,POINT (37.6086853 55.7522884),metro,Александровский сад
72,1773624,POINT (37.7434206 55.6323743),metro,Борисово
73,1773625,POINT (37.7445891 55.6340555),metro,Борисово
74,1773626,POINT (37.638487 55.8459341),metro,Ботанический сад
75,1773627,POINT (37.6179177 55.6535532),metro,Варшавская
76,1773628,POINT (37.6230912 55.6536989),metro,Варшавская
77,1773629,POINT (37.6413856 55.8224642),metro,ВДНХ
78,1773630,POINT (37.6407422 55.8196763),metro,ВДНХ
79,1773631,POINT (37.6396426 55.8200023),metro,ВДНХ
80,1773633,POINT (37.6389383 55.8466671),metro,Ботанический сад
81,1773634,POINT (37.637514 55.843831),metro,Ботанический сад
82,1773635,POINT (37.639943 55.82028),metro,ВДНХ
83,1773637,POINT (37.687808 55.724559),metro,Волгоградский проспект
84,1773638,POINT (37.7511401 55.6911954),metro,Волжская
85,1773639,POINT (37.71815 55.610256),metro,Домодедовская
86,1773640,POINT (37.641058 55.819972),metro,ВДНХ
87,1773641,POINT (37.7515886 55.6910781),metro,Волжская
88,1773642,POINT (37.7552393 55.690745),metro,Волжская
89,1773643,POINT (37.716894 55.610249),metro,Домодедовская
90,1773644,POINT (37.7175836 55.6099729),metro,Домодедовская
91,1773645,POINT (37.720888 55.610893),metro,Домодедовская
92,1773646,POINT (37.580614 55.807779),metro,Дмитровская
93,1773647,POINT (37.5818692 55.8081488),metro,Дмитровская
94,1773648,POINT (37.6762283 55.7178288),metro,Дубровка
95,1773649,POINT (37.745559 55.6134881),metro,Зябликово
96,1773650,POINT (37.744236 55.6133905),metro,Зябликово
97,1773651,POINT (37.7798923 55.7877899),metro,Измайловская
98,1773652,POINT (37.7833622 55.7878638),metro,Измайловская
99,1773653,POINT (37.5189922 55.6343754),metro,Коньково
100,1773654,POINT (37.519367 55.632188),metro,Коньково
101,1773655,POINT (37.519875 55.63465),metro,Коньково
102,1773656,POINT (37.5199465 55.6340114),metro,Коньково
103,1773657,POINT (37.52053 55.633854),metro,Коньково
104,1773658,POINT (37.746215 55.6142123),metro,Красногвардейская
105,1773659,POINT (37.7462738 55.6136532),metro,Красногвардейская
106,1773660,POINT (37.7466762 55.6136652),metro,Красногвардейская
107,1773661,POINT (37.7465907 55.6142302),metro,Красногвардейская
108,1773662,POINT (37.7424333 55.6134561),metro,Красногвардейская
109,1773663,POINT (37.6935179 55.6138351),metro,Орехово
110,1773664,POINT (37.6940766 55.6141812),metro,Орехово
111,1773665,POINT (37.604393 55.862542),metro,Отрадное
112,1773666,POINT (37.605332 55.864331),metro,Отрадное
113,1773667,POINT (37.606024 55.864174),metro,Отрадное
114,1773668,POINT (37.603694 55.862857),metro,Отрадное
115,1773669,POINT (37.6145304 55.7569836),metro,Охотный ряд
116,1773670,POINT (37.614546 55.756888),metro,Охотный ряд
117,1773671,POINT (37.7428056 55.6140271),metro,Красногвардейская
118,1773672,POINT (37.7429054 55.6134786),metro,Красногвардейская
119,1773673,POINT (37.7423932 55.6140076),metro,Красногвардейская
120,1773674,POINT (37.5769305 55.760413),metro,Краснопресненская
121,1773675,POINT (37.6660804 55.7799823),metro,Красносельская
122,1773676,POINT (37.648027 55.768377),metro,Красные ворота
123,1773677,POINT (37.6503572 55.7697611),metro,Красные ворота
124,1773678,POINT (37.6655383 55.7323251),metro,Крестьянская застава
125,1773679,POINT (37.6053316 55.7456522),metro,Кропоткинская
126,1773680,POINT (37.6015583 55.7449791),metro,Кропоткинская
127,1773681,POINT (37.407313 55.757872),metro,Крылатское
128,1773682,POINT (37.407621 55.755583),metro,Крылатское
129,1773683,POINT (37.408601 55.755375),metro,Крылатское
130,1773684,POINT (37.408585 55.757724),metro,Крылатское
131,1773685,POINT (37.40738 55.757423),metro,Крылатское
132,1773686,POINT (37.408542 55.758057),metro,Крылатское
133,1773687,POINT (37.408899 55.755663),metro,Крылатское
134,1773688,POINT (37.407686 55.755342),metro,Крылатское
135,1773689,POINT (37.555321 55.671235),metro,Новые Черёмушки
136,1773690,POINT (37.611311 55.729349),metro,Октябрьская
137,1773691,POINT (37.6126133 55.7313189),metro,Октябрьская
138,1773692,POINT (37.4922446 55.7939801),metro,Октябрьское поле
139,1773693,POINT (37.4919278 55.7941438),metro,Октябрьское поле
140,1773694,POINT (37.4925294 55.7941853),metro,Октябрьское поле
141,1773695,POINT (37.4922657 55.7943253),metro,Октябрьское поле
142,1773696,POINT (37.55586 55.671056),metro,Новые Черёмушки
143,1773697,POINT (37.4944062 55.7928291),metro,Октябрьское поле
144,1773698,POINT (37.635364 55.753728),metro,Китай-город
145,1773699,POINT (37.685432 55.70614),metro,Кожуховская
146,1773700,POINT (37.685532 55.706341),metro,Кожуховская
147,1773701,POINT (37.6627956 55.676834),metro,Коломенская
148,1773702,POINT (37.662975 55.677695),metro,Коломенская
149,1773703,POINT (37.663336 55.679291),metro,Коломенская
150,1773704,POINT (37.664333 55.676735),metro,Коломенская
151,1773705,POINT (37.6645394 55.6776258),metro,Коломенская
152,1773706,POINT (37.664952 55.679487),metro,Коломенская
153,1773707,POINT (37.664904 55.679214),metro,Коломенская
154,1773708,POINT (37.6634398 55.6795598),metro,Коломенская
155,1773709,POINT (37.655289 55.775717),metro,Комсомольская
156,1773710,POINT (37.6558575 55.7753031),metro,Комсомольская
157,1773711,POINT (37.6563189 55.7749342),metro,Комсомольская
158,1773712,POINT (37.655917 55.77673),metro,Комсомольская
159,1773713,POINT (37.656078 55.7755021),metro,Комсомольская
160,1773714,POINT (37.655895 55.775835),metro,Комсомольская
161,1773715,POINT (37.5180365 55.6325183),metro,Коньково
162,1773716,POINT (37.601021 55.779503),metro,Новослободская
163,1773717,POINT (37.553025 55.601448),metro,Новоясеневская
164,1773718,POINT (37.5528887 55.6019926),metro,Новоясеневская
165,1773719,POINT (37.5536016 55.6696118),metro,Новые Черёмушки
166,1773720,POINT (37.5541228 55.6694298),metro,Новые Черёмушки
167,1773721,POINT (37.494672 55.7927107),metro,Октябрьское поле
168,1773722,POINT (37.494715 55.7930327),metro,Октябрьское поле
169,1773723,POINT (37.4949407 55.7929182),metro,Октябрьское поле
170,1773724,POINT (37.695852 55.612207),metro,Орехово
171,1773725,POINT (37.587564 55.708543),metro,Ленинский проспект
172,1773726,POINT (37.626024 55.759018),metro,Лубянка
173,1773727,POINT (37.626322 55.758812),metro,Лубянка
174,1773728,POINT (37.627157 55.758934),metro,Лубянка
175,1773729,POINT (37.628067 55.759222),metro,Лубянка
176,1773730,POINT (37.627963 55.760009),metro,Лубянка
177,1773731,POINT (37.628469 55.759583),metro,Лубянка
178,1773732,POINT (37.628384 55.759958),metro,Лубянка
179,1773733,POINT (37.625869 55.758992),metro,Лубянка
180,1773734,POINT (37.7610191 55.674484),metro,Люблино
181,1773735,POINT (37.7618126 55.6767171),metro,Люблино
182,1773736,POINT (37.628323 55.759369),metro,Лубянка
183,1773737,POINT (37.7618992 55.6770532),metro,Люблино
184,1773738,POINT (37.7621184 55.6771029),metro,Люблино
185,1773739,POINT (37.7627843 55.677062),metro,Люблино
186,1773740,POINT (37.7629313 55.6769211),metro,Люблино
187,1773741,POINT (37.656456 55.74062),metro,Марксистская
188,1773742,POINT (37.656675 55.741077),metro,Марксистская
189,1773743,POINT (37.6168452 55.7935291),metro,Марьина роща
190,1773744,POINT (37.615858 55.793534),metro,Марьина роща
191,1773745,POINT (37.6169578 55.7971408),metro,Марьина роща
192,1773746,POINT (37.743716 55.651296),metro,Марьино
193,1773747,POINT (37.7438447 55.6510084),metro,Марьино
194,1773748,POINT (37.7438608 55.6491637),metro,Марьино
195,1773750,POINT (37.744483 55.649279),metro,Марьино
196,1773751,POINT (37.744606 55.648937),metro,Марьино
197,1773752,POINT (37.624185 55.761541),metro,Кузнецкий мост
198,1773753,POINT (37.763751 55.705308),metro,Кузьминки
199,1773754,POINT (37.7640246 55.7060321),metro,Кузьминки
200,1773755,POINT (37.767415 55.704826),metro,Кузьминки
201,1773757,POINT (37.445477 55.730675),metro,Кунцевская
202,1773758,POINT (37.446469 55.73082),metro,Кунцевская
203,1773759,POINT (37.445568 55.730541),metro,Кунцевская
204,1773760,POINT (37.446528 55.730666),metro,Кунцевская
205,1773761,POINT (37.658992 55.758613),metro,Курская
206,1773762,POINT (37.6601558 55.7585107),metro,Курская
207,1773763,POINT (37.660164 55.757855),metro,Курская
208,1773764,POINT (37.6599122 55.7561757),metro,Курская
209,1773765,POINT (37.5347739 55.7394196),metro,Кутузовская
210,1773766,POINT (37.534101 55.7405718),metro,Кутузовская
211,1773767,POINT (37.585043 55.706913),metro,Ленинский проспект
212,1773768,POINT (37.743045 55.651236),metro,Марьино
213,1773769,POINT (37.7431633 55.6509113),metro,Марьино
214,1773770,POINT (37.594548 55.771143),metro,Маяковская
215,1773771,POINT (37.596533 55.76926),metro,Маяковская
216,1773772,POINT (37.6110945 55.6728519),metro,Нагорная
217,1773773,POINT (37.6062028 55.663502),metro,Нахимовский проспект
218,1773774,POINT (37.6069995 55.6635432),metro,Нахимовский проспект
219,1773775,POINT (37.6041081 55.661613),metro,Нахимовский проспект
220,1773776,POINT (37.6047437 55.6617517),metro,Нахимовский проспект
221,1773777,POINT (37.6061591 55.6637839),metro,Нахимовский проспект
222,1773778,POINT (37.8145804 55.7522622),metro,Новогиреево
223,1773779,POINT (37.81491 55.751722),metro,Новогиреево
224,1773780,POINT (37.8185824 55.7512382),metro,Новогиреево
225,1773781,POINT (37.8184026 55.7516932),metro,Новогиреево
226,1773782,POINT (37.8655979 55.7461213),metro,Новокосино
227,1773783,POINT (37.8658385 55.744476),metro,Новокосино
228,1773784,POINT (37.862832 55.743829),metro,Новокосино
229,1773785,POINT (37.8623576 55.7441695),metro,Новокосино
230,1773786,POINT (37.861671 55.745471),metro,Новокосино
231,1773789,POINT (37.354253 55.8546831),metro,Пятницкое шоссе
232,1773790,POINT (37.354014 55.855143),metro,Пятницкое шоссе
233,1773791,POINT (37.353016 55.855288),metro,Пятницкое шоссе
234,1773794,POINT (37.609212 55.8217898),metro,Телецентр
235,1773795,POINT (37.505166 55.619857),metro,Тёплый стан
236,1773796,POINT (37.5063141 55.6198202),metro,Тёплый стан
237,1773797,POINT (37.661274 55.886025),metro,Медведково
238,1773798,POINT (37.363824 55.845533),metro,Митино
239,1773799,POINT (37.361271 55.846763),metro,Митино
240,1773800,POINT (37.360512 55.845982),metro,Митино
241,1773801,POINT (37.415869 55.741246),metro,Молодёжная
242,1773802,POINT (37.417866 55.740201),metro,Молодёжная
243,1773803,POINT (37.385197 55.82354),metro,Мякинино
244,1773804,POINT (37.6209364 55.6822357),metro,Нагатинская
245,1773805,POINT (37.621332 55.682143),metro,Нагатинская
246,1773806,POINT (37.614745 55.757306),metro,Охотный ряд
247,1773807,POINT (37.615083 55.757195),metro,Охотный ряд
248,1773808,POINT (37.6156184 55.7566567),metro,Охотный ряд
249,1773809,POINT (37.617727 55.75608),metro,Охотный ряд
250,1773810,POINT (37.61563 55.756804),metro,Охотный ряд
251,1773811,POINT (37.6362414 55.7313438),metro,Павелецкая
252,1773812,POINT (37.621783 55.682188),metro,Нагатинская
253,1773813,POINT (37.6227098 55.68417),metro,Нагатинская
254,1773814,POINT (37.6103001 55.6729139),metro,Нагорная
255,1773815,POINT (37.639543 55.729861),metro,Павелецкая
256,1773817,POINT (37.5949799 55.7360872),metro,Парк культуры
257,1773818,POINT (37.51592 55.73644),metro,Парк Победы
258,1773819,POINT (37.517105 55.735804),metro,Парк Победы
259,1773820,POINT (37.517599 55.73631),metro,Парк Победы
260,1773821,POINT (37.517692 55.735922),metro,Парк Победы
261,1773822,POINT (37.517273 55.736633),metro,Парк Победы
262,1773823,POINT (37.7496596 55.7884901),metro,Партизанская
263,1773824,POINT (37.6614571 55.8879931),metro,Медведково
264,1773825,POINT (37.533378 55.747892),metro,Международная
265,1773826,POINT (37.5987019 55.7814401),metro,Менделеевская
266,1773827,POINT (37.599007 55.781943),metro,Менделеевская
267,1773828,POINT (37.5984772 55.7816926),metro,Менделеевская
268,1773829,POINT (37.359469 55.846255),metro,Митино
269,1773830,POINT (37.361159 55.846321),metro,Митино
270,1773831,POINT (37.363396 55.844829),metro,Митино
271,1773832,POINT (37.360486 55.847006),metro,Митино
272,1773833,POINT (37.6032311 55.6115949),metro,Пражская
273,1773834,POINT (37.7148632 55.795534),metro,Преображенская площадь
274,1773835,POINT (37.7148765 55.7953081),metro,Преображенская площадь
275,1773836,POINT (37.716974 55.796922),metro,Преображенская площадь
276,1773837,POINT (37.71706 55.795982),metro,Преображенская площадь
277,1773838,POINT (37.7166493 55.7968666),metro,Преображенская площадь
278,1773839,POINT (37.717543 55.796064),metro,Преображенская площадь
279,1773840,POINT (37.664368 55.7317821),metro,Пролетарская
280,1773841,POINT (37.6645773 55.7312101),metro,Пролетарская
281,1773842,POINT (37.664926 55.73131),metro,Пролетарская
282,1773843,POINT (37.5071875 55.6778375),metro,Проспект Вернадского
283,1773844,POINT (37.633349 55.7819543),metro,Проспект Мира
284,1773845,POINT (37.6335334 55.7795686),metro,Проспект Мира
285,1773846,POINT (37.5618179 55.6772799),metro,Профсоюзная
286,1773847,POINT (37.5623706 55.6770979),metro,Профсоюзная
287,1773848,POINT (37.5635613 55.6788868),metro,Профсоюзная
288,1773849,POINT (37.5640979 55.6786988),metro,Профсоюзная
289,1773850,POINT (37.6038161 55.7654151),metro,Пушкинская
290,1773852,POINT (37.6186237 55.7368106),metro,Полянка
291,1773854,POINT (37.604379 55.613775),metro,Пражская
292,1773855,POINT (37.604446 55.6114647),metro,Пражская
293,1773856,POINT (37.6047469 55.6110863),metro,Пражская
294,1773857,POINT (37.6048726 55.6136747),metro,Пражская
295,1773858,POINT (37.6025606 55.6114306),metro,Пражская
296,1773859,POINT (37.6024484 55.6109456),metro,Пражская
297,1773860,POINT (37.799006 55.795712),metro,Первомайская
298,1773861,POINT (37.799096 55.793647),metro,Первомайская
299,1773862,POINT (37.79961 55.795727),metro,Первомайская
300,1773863,POINT (37.799751 55.79365),metro,Первомайская
301,1773864,POINT (37.7844802 55.7511859),metro,Перово
302,1773865,POINT (37.784195 55.750977),metro,Перово
303,1773866,POINT (37.7850385 55.7511446),metro,Перово
304,1773867,POINT (37.788378 55.751753),metro,Перово
305,1773868,POINT (37.788346 55.75124),metro,Перово
306,1773869,POINT (37.467458 55.736059),metro,Пионерская
307,1773871,POINT (37.4367687 55.8595651),metro,Планерная
308,1773872,POINT (37.6807937 55.747275),metro,Площадь Ильича
309,1773873,POINT (37.623306 55.756397),metro,Площадь Революции
310,1773875,POINT (37.5172062 55.7776443),metro,Полежаевская
311,1773876,POINT (37.5171557 55.7770229),metro,Полежаевская
312,1773877,POINT (37.5176384 55.7775861),metro,Полежаевская
313,1773878,POINT (37.5756124 55.836665),metro,Петровско-Разумовская
314,1773879,POINT (37.727827 55.692654),metro,Печатники
315,1773880,POINT (37.7278293 55.6928903),metro,Печатники
316,1773881,POINT (37.728458 55.692389),metro,Печатники
317,1773882,POINT (37.7284457 55.692675),metro,Печатники
318,1773883,POINT (37.466756 55.735944),metro,Пионерская
319,1773884,POINT (37.5215 55.777657),metro,Полежаевская
320,1773886,POINT (37.521486 55.77796),metro,Полежаевская
321,1773887,POINT (37.5071612 55.6196587),metro,Тёплый стан
322,1773888,POINT (37.6366194 55.7654719),metro,Тургеневская
323,1773889,POINT (37.6369063 55.7653368),metro,Тургеневская
324,1773890,POINT (37.4360367 55.8256692),metro,Тушинская
325,1773891,POINT (37.4370076 55.8254341),metro,Тушинская
326,1773892,POINT (37.4374154 55.8273392),metro,Тушинская
327,1773893,POINT (37.4380376 55.8281911),metro,Тушинская
328,1773894,POINT (37.5319534 55.5420806),metro,Улица Горчакова
329,1773895,POINT (37.560437 55.765435),metro,Улица 1905 года
330,1773896,POINT (37.4829878 55.739437),metro,Филёвский парк
331,1773898,POINT (37.515767 55.74529),metro,Фили
332,1773899,POINT (37.5805775 55.7274309),metro,Фрунзенская
333,1773900,POINT (37.6682219 55.6222568),metro,Царицыно
334,1773901,POINT (37.668722 55.62263),metro,Царицыно
335,1773902,POINT (37.668925 55.6224821),metro,Царицыно
336,1773903,POINT (37.6698636 55.6204932),metro,Царицыно
337,1773904,POINT (37.6704 55.620199),metro,Царицыно
338,1773905,POINT (37.5060675 55.6195654),metro,Тёплый стан
339,1773906,POINT (37.508677 55.617601),metro,Тёплый стан
340,1773907,POINT (37.574511 55.818659),metro,Тимирязевская
341,1773908,POINT (37.575101 55.818747),metro,Тимирязевская
342,1773909,POINT (37.5780576 55.8188162),metro,Тимирязевская
343,1773910,POINT (37.625617 55.740683),metro,Третьяковская
344,1773911,POINT (37.6218566 55.7678427),metro,Трубная
345,1773912,POINT (37.622461 55.70783),metro,Тульская
346,1773913,POINT (37.62259 55.709564),metro,Тульская
347,1773914,POINT (37.668333 55.732291),metro,Пролетарская
348,1773915,POINT (37.5045266 55.6765476),metro,Проспект Вернадского
349,1773916,POINT (37.5047335 55.6766633),metro,Проспект Вернадского
350,1773917,POINT (37.5052562 55.6763594),metro,Проспект Вернадского
351,1773918,POINT (37.5050632 55.676238),metro,Проспект Вернадского
352,1773919,POINT (37.5052832 55.6759002),metro,Проспект Вернадского
353,1773920,POINT (37.5057448 55.6761702),metro,Проспект Вернадского
354,1773921,POINT (37.6680428 55.732445),metro,Пролетарская
355,1773922,POINT (37.6677589 55.7319672),metro,Пролетарская
356,1773923,POINT (37.853893 55.7007835),metro,Лермонтовский проспект
357,1773924,POINT (37.6091093 55.7505094),metro,Боровицкая
358,1773928,POINT (37.617566 55.758683),metro,Охотный ряд
359,1773930,POINT (37.6514459 55.8543991),metro,Свиблово
360,1773931,POINT (37.654372 55.855739),metro,Свиблово
361,1773932,POINT (37.5981861 55.6516395),metro,Севастопольская
362,1773933,POINT (37.5981808 55.651406),metro,Севастопольская
363,1773934,POINT (37.5986848 55.65096),metro,Севастопольская
364,1773935,POINT (37.5986795 55.6511966),metro,Севастопольская
365,1773936,POINT (37.71929008 55.78315566),metro,Семёновская
366,1773937,POINT (37.6248829 55.726855),metro,Серпуховская
367,1773938,POINT (37.560177 55.765717),metro,Улица 1905 года
368,1773939,POINT (37.6011148 55.5942546),metro,Улица академика Янгеля
369,1773940,POINT (37.7321792 55.8149979),metro,Бульвар Рокоссовского
370,1773941,POINT (37.7329306 55.8154001),metro,Бульвар Рокоссовского
371,1773942,POINT (37.7351755 55.8132836),metro,Бульвар Рокоссовского
372,1773943,POINT (37.7352186 55.813449),metro,Бульвар Рокоссовского
373,1773944,POINT (37.62576 55.726788),metro,Серпуховская
374,1773945,POINT (37.468856 55.728974),metro,Славянский бульвар
375,1773946,POINT (37.47293 55.729345),metro,Славянский бульвар
376,1773947,POINT (37.473107 55.730202),metro,Славянский бульвар
377,1773948,POINT (37.472431 55.730934),metro,Славянский бульвар
378,1773949,POINT (37.583806 55.747952),metro,Смоленская
379,1773950,POINT (37.5822488 55.749036),metro,Смоленская
380,1773951,POINT (37.51424 55.8045014),metro,Сокол
381,1773952,POINT (37.5150184 55.8055344),metro,Сокол
382,1773953,POINT (37.515679 55.80434),metro,Сокол
383,1773954,POINT (37.5163929 55.8050244),metro,Сокол
384,1773955,POINT (37.5167424 55.804935),metro,Сокол
385,1773956,POINT (37.6359244 55.7926231),metro,Рижская
386,1773958,POINT (37.681359 55.746441),metro,Римская
387,1773959,POINT (37.7926457 55.7162448),metro,Рязанский проспект
388,1773961,POINT (37.590304 55.793958),metro,Савёловская
389,1773962,POINT (37.5871596 55.7940558),metro,Савёловская
390,1773963,POINT (37.653862 55.856086),metro,Свиблово
391,1773964,POINT (37.6514186 55.8547925),metro,Свиблово
392,1773965,POINT (37.5162194 55.804217),metro,Сокол
393,1773966,POINT (37.679849 55.789304),metro,Сокольники
394,1773967,POINT (37.679521 55.789257),metro,Сокольники
395,1773968,POINT (37.5618704 55.7222857),metro,Спортивная
396,1773969,POINT (37.5656975 55.7238319),metro,Спортивная
397,1773970,POINT (37.637075 55.766097),metro,Сретенский бульвар
398,1773972,POINT (37.401437 55.803709),metro,Строгино
399,1773973,POINT (37.401883 55.804446),metro,Строгино
400,1773974,POINT (37.632071 55.772245),metro,Сухаревская
401,1773975,POINT (37.632951 55.772318),metro,Сухаревская
402,1773976,POINT (37.4386091 55.8514481),metro,Сходненская
403,1773977,POINT (37.4388612 55.8515991),metro,Сходненская
404,1773978,POINT (37.439262 55.849603),metro,Сходненская
405,1773979,POINT (37.8554017 55.6841436),metro,Жулебино
406,1773980,POINT (37.404255 55.803098),metro,Строгино
407,1773981,POINT (37.404768 55.803813),metro,Строгино
408,1773982,POINT (37.548298 55.738902),metro,Студенческая
409,1773983,POINT (37.7518838 55.7576076),metro,Шоссе Энтузиастов
410,1773984,POINT (37.8565123 55.68613),metro,Жулебино
411,1773985,POINT (37.857681 55.686196),metro,Жулебино
412,1773986,POINT (37.857292 55.685816),metro,Жулебино
413,1773987,POINT (37.8549507 55.6848651),metro,Жулебино
414,1773988,POINT (37.854404 55.6848442),metro,Жулебино
415,1773989,POINT (37.8541303 55.6846472),metro,Жулебино
416,1773990,POINT (37.8557874 55.684466),metro,Жулебино
417,1773991,POINT (37.8547418 55.6836776),metro,Жулебино
418,1773992,POINT (37.562145 55.763895),metro,Улица 1905 года
419,1773993,POINT (37.6265474 55.8218212),metro,Улица академика Королёва
420,1773994,POINT (37.6001871 55.5958068),metro,Улица академика Янгеля
421,1773995,POINT (37.6004819 55.5944718),metro,Улица академика Янгеля
422,1773996,POINT (37.6012648 55.5961437),metro,Улица академика Янгеля
423,1773997,POINT (37.6018926 55.5941275),metro,Улица академика Янгеля
424,1773998,POINT (37.6027031 55.595992),metro,Улица академика Янгеля
425,1773999,POINT (37.591282 55.821901),metro,Улица Милашенкова
426,1774001,POINT (37.660159 55.756228),metro,Чкаловская
427,1774002,POINT (37.537593 55.749036),metro,Деловой центр
428,1774003,POINT (37.5778946 55.5816216),metro,Лесопарковая
429,1774004,POINT (37.5533041 55.5477054),metro,Улица Скобелевская
430,1774006,POINT (37.534935 55.6916707),metro,Университет
431,1774007,POINT (37.5346985 55.6933978),metro,Университет
432,1774008,POINT (37.4836294 55.7396228),metro,Филёвский парк
433,1774009,POINT (37.556297 55.6004415),metro,Битцевский парк
434,1774010,POINT (37.355271 55.857343),metro,Пятницкое шоссе
435,1774011,POINT (37.352861 55.854904),metro,Пятницкое шоссе
436,1774012,POINT (37.360024 55.845982),metro,Митино
437,1774013,POINT (37.359332 55.846461),metro,Митино
438,1774014,POINT (37.363736 55.84469),metro,Митино
439,1774017,POINT (37.385342 55.826292),metro,Мякинино
440,1774018,POINT (37.7356549 55.8141349),metro,Бульвар Рокоссовского
441,1774019,POINT (37.6449918 55.8294285),metro,Улица Сергея Эйзенштейна
442,1774020,POINT (37.400553 55.803867),metro,Строгино
443,1774021,POINT (37.401208 55.804598),metro,Строгино
444,1774022,POINT (37.405145 55.802894),metro,Строгино
445,1774023,POINT (37.405607 55.803625),metro,Строгино
446,1774026,POINT (37.564813 55.743095),metro,Киевская
447,1774027,POINT (37.6706788 55.6197162),metro,Царицыно
448,1774028,POINT (37.7445447 55.805133),metro,Черкизовская
449,1774029,POINT (37.7445503 55.8048131),metro,Черкизовская
450,1774030,POINT (37.7444641 55.8027347),metro,Черкизовская
451,1774031,POINT (37.605022 55.640738),metro,Чертановская
452,1774032,POINT (37.608036 55.6399002),metro,Чертановская
453,1774035,POINT (37.608605 55.765792),metro,Чеховская
454,1774036,POINT (37.4393629 55.8492989),metro,Сходненская
455,1774037,POINT (37.440023 55.851709),metro,Сходненская
456,1774038,POINT (37.4403099 55.8515441),metro,Сходненская
457,1774039,POINT (37.44072 55.849722),metro,Сходненская
458,1774040,POINT (37.4406824 55.8492661),metro,Сходненская
459,1774041,POINT (37.441083 55.849604),metro,Сходненская
460,1774042,POINT (37.6529419 55.7393895),metro,Таганская
461,1774043,POINT (37.6534996 55.7396869),metro,Таганская
462,1774044,POINT (37.653618 55.7395075),metro,Таганская
463,1774045,POINT (37.6382452 55.7649693),metro,Чистые пруды
464,1774046,POINT (37.751631 55.758527),metro,Шоссе Энтузиастов
465,1774047,POINT (37.6535961 55.7423722),metro,Таганская
466,1774049,POINT (37.729918 55.708138),metro,Текстильщики
467,1774050,POINT (37.733556 55.708983),metro,Текстильщики
468,1774051,POINT (37.733305 55.709499),metro,Текстильщики
469,1774053,POINT (37.73322 55.708977),metro,Текстильщики
470,1774054,POINT (37.720775 55.611579),metro,Домодедовская
471,1774055,POINT (37.7650605 55.6334736),metro,Алма-Атинская
472,1774056,POINT (37.6790124 55.7464401),metro,Площадь Ильича
473,1774059,POINT (37.7513205 55.758464),metro,Шоссе Энтузиастов
474,1774060,POINT (37.751679 55.758443),metro,Шоссе Энтузиастов
475,1774061,POINT (37.784696 55.751243),metro,Перово
476,1774062,POINT (37.720523 55.610832),metro,Домодедовская
477,1774063,POINT (37.6081344 55.718765),metro,Шаболовская
478,1774064,POINT (37.7439051 55.6221781),metro,Шипиловская
479,1774065,POINT (37.7442272 55.62029),metro,Шипиловская
480,1774066,POINT (37.7425049 55.6221086),metro,Шипиловская
481,1774067,POINT (37.799173 55.809924),metro,Щёлковская
482,1774068,POINT (37.798304 55.809836),metro,Щёлковская
483,1774069,POINT (37.798438 55.808367),metro,Щёлковская
484,1774070,POINT (37.798828 55.810575),metro,Щёлковская
485,1774071,POINT (37.79829 55.810529),metro,Щёлковская
486,1774072,POINT (37.798854 55.808374),metro,Щёлковская
487,1774073,POINT (37.4629558 55.8089913),metro,Щукинская
488,1774074,POINT (37.4632352 55.8093474),metro,Щукинская
489,1774075,POINT (37.4654909 55.8077329),metro,Щукинская
490,1774076,POINT (37.465866 55.807997),metro,Щукинская
491,1774077,POINT (37.705514 55.782136),metro,Электрозаводская
492,1774078,POINT (37.4820889 55.6627839),metro,Юго-Западная
493,1774079,POINT (37.4821613 55.6629904),metro,Юго-Западная
494,1774080,POINT (37.4831377 55.6625384),metro,Юго-Западная
495,1774081,POINT (37.4842914 55.6645394),metro,Юго-Западная
496,1774082,POINT (37.4841919 55.6643713),metro,Юго-Западная
497,1774083,POINT (37.4832504 55.6627638),metro,Юго-Западная
498,1774084,POINT (37.4831888 55.6646016),metro,Юго-Западная
499,1774085,POINT (37.4833208 55.6647681),metro,Юго-Западная
500,1774086,POINT (37.6077169 55.6213608),metro,Южная
501,1774087,POINT (37.6090425 55.6235439),metro,Южная
502,1774088,POINT (37.6090099 55.6209851),metro,Южная
503,1774089,POINT (37.6098201 55.623323),metro,Южная
504,1774090,POINT (37.636316 55.766286),metro,Сретенский бульвар
505,1774092,POINT (37.589704 55.793108),metro,Савёловская
506,1774093,POINT (37.585234 55.79377),metro,Савёловская
507,1774094,POINT (37.584376 55.793586),metro,Савёловская
508,1774096,POINT (37.5749218 55.8190858),metro,Тимирязевская
509,1774097,POINT (37.5743134 55.8189829),metro,Тимирязевская
510,1774098,POINT (37.7432401 55.6201443),metro,Шипиловская
511,1774099,POINT (37.5348837 55.6055443),metro,Ясенево
512,1774100,POINT (37.5351978 55.6061274),metro,Ясенево
513,1774101,POINT (37.5329575 55.6066073),metro,Ясенево
514,1774102,POINT (37.5314215 55.6065836),metro,Ясенево
515,1774103,POINT (37.5316246 55.6068801),metro,Ясенево
516,1774104,POINT (37.5312065 55.606294),metro,Ясенево
517,1774105,POINT (37.5343397 55.6056622),metro,Ясенево
518,1774106,POINT (37.5346237 55.6062454),metro,Ясенево
519,1774107,POINT (37.620746 55.771733),metro,Цветной бульвар
520,1774109,POINT (37.7172912 55.6099419),metro,Домодедовская
521,1774110,POINT (37.716669 55.610644),metro,Домодедовская
522,1774111,POINT (37.7180771 55.6112163),metro,Домодедовская
523,1774112,POINT (37.575167 55.568672),metro,Бульвар Дмитрия Донского
524,1774113,POINT (37.575896 55.568525),metro,Бульвар Дмитрия Донского
525,1774114,POINT (37.5562869 55.5484399),metro,Улица Скобелевская
526,1774115,POINT (37.8186793 55.7154339),metro,Выхино
527,1774116,POINT (37.856904 55.6864963),metro,Жулебино
528,1774117,POINT (37.6477302 55.654154),metro,Каширская
529,1774118,POINT (37.6473058 55.6543598),metro,Каширская
530,1774119,POINT (37.6500394 55.6557509),metro,Каширская
531,1774120,POINT (37.6496074 55.6559507),metro,Каширская
532,1774121,POINT (37.655505 55.636453),metro,Кантемировская
533,1774122,POINT (37.657816 55.634831),metro,Кантемировская
534,1774125,POINT (37.7182563 55.610022),metro,Домодедовская
535,1774126,POINT (37.6366915 55.7663191),metro,Сретенский бульвар
536,1774130,POINT (37.6141122 55.7816457),metro,Достоевская
537,1774131,POINT (37.614141 55.781279),metro,Достоевская
538,1774132,POINT (37.613435 55.781204),metro,Достоевская
539,1774133,POINT (37.615957 55.793739),metro,Марьина роща
540,1774134,POINT (37.576568 55.568022),metro,Бульвар Дмитрия Донского
541,1774135,POINT (37.5768837 55.56832),metro,Бульвар Дмитрия Донского
542,1774136,POINT (37.577874 55.569988),metro,Бульвар Дмитрия Донского
543,1774137,POINT (37.578132 55.570296),metro,Бульвар Дмитрия Донского
544,1774138,POINT (37.5766966 55.5706249),metro,Бульвар Дмитрия Донского
545,1774139,POINT (37.5971905 55.5835081),metro,Аннино
546,1774142,POINT (37.601979 55.596086),metro,Улица академика Янгеля
547,1774143,POINT (37.602867 55.6104776),metro,Пражская
548,1774144,POINT (37.6044868 55.6106299),metro,Пражская
549,1774145,POINT (37.6047011 55.613286),metro,Пражская
550,1774146,POINT (37.60417 55.613371),metro,Пражская
551,1774147,POINT (37.6079826 55.6211368),metro,Южная
552,1774148,POINT (37.6092995 55.6216015),metro,Южная
553,1774149,POINT (37.6085884 55.6233815),metro,Южная
554,1774150,POINT (37.6097177 55.6228155),metro,Южная
555,1774151,POINT (37.6045774 55.6410713),metro,Чертановская
556,1774152,POINT (37.604834 55.641728),metro,Чертановская
557,1774153,POINT (37.605188 55.641913),metro,Чертановская
558,1774154,POINT (37.605497 55.640484),metro,Чертановская
559,1774155,POINT (37.605674 55.640415),metro,Чертановская
560,1774156,POINT (37.620974 55.68186),metro,Нагатинская
561,1774157,POINT (37.6236051 55.684112),metro,Нагатинская
562,1774158,POINT (37.623651 55.6838692),metro,Нагатинская
563,1774159,POINT (37.6081884 55.7660404),metro,Чеховская
564,1774160,POINT (37.607782 55.765875),metro,Чеховская
565,1774161,POINT (37.608125 55.765593),metro,Чеховская
566,1774165,POINT (37.5821305 55.7775707),metro,Белорусская
567,1774167,POINT (37.597155 55.769542),metro,Маяковская
568,1774170,POINT (37.629602 55.742303),metro,Новокузнецкая
569,1774171,POINT (37.779864 55.787619),metro,Измайловская
570,1774172,POINT (37.7833601 55.7877293),metro,Измайловская
571,1774180,POINT (37.476757 55.854286),metro,Речной вокзал
572,1774183,POINT (37.4967874 55.8196524),metro,Войковская
573,1774184,POINT (37.5153342 55.8054549),metro,Сокол
574,1774187,POINT (37.475765 55.855784),metro,Речной вокзал
575,1774190,POINT (37.6375314 55.7657457),metro,Тургеневская
576,1774191,POINT (37.632861 55.77295),metro,Сухаревская
577,1774192,POINT (37.631842 55.773015),metro,Сухаревская
578,1774198,POINT (37.6393029 55.846664),metro,Ботанический сад
579,1774199,POINT (37.785092 55.7506879),metro,Перово
580,1774200,POINT (37.815213 55.752147),metro,Новогиреево
581,1774201,POINT (37.8143874 55.7518282),metro,Новогиреево
582,1774202,POINT (37.8188234 55.751609),metro,Новогиреево
583,1774203,POINT (37.8181855 55.7513073),metro,Новогиреево
584,1774204,POINT (37.5082986 55.6178525),metro,Тёплый стан
585,1774205,POINT (37.5078859 55.6174952),metro,Тёплый стан
586,1774206,POINT (37.5083041 55.6173485),metro,Тёплый стан
587,1774207,POINT (37.5054604 55.620127),metro,Тёплый стан
588,1774208,POINT (37.519068 55.631832),metro,Коньково
589,1774209,POINT (37.5178067 55.6321937),metro,Коньково
590,1774210,POINT (37.5191636 55.6341265),metro,Коньково
591,1774211,POINT (37.5193886 55.6347764),metro,Коньково
592,1774212,POINT (37.5252102 55.64166),metro,Беляево
593,1774213,POINT (37.52602 55.641667),metro,Беляево
594,1774214,POINT (37.526585 55.643566),metro,Беляево
595,1774215,POINT (37.5273536 55.6436769),metro,Беляево
596,1774216,POINT (37.541653 55.657582),metro,Калужская
597,1774217,POINT (37.5539665 55.669269),metro,Новые Черёмушки
598,1774218,POINT (37.5551472 55.6710722),metro,Новые Черёмушки
599,1774220,POINT (37.610957 55.729146),metro,Октябрьская
600,1774222,POINT (37.539267 55.656396),metro,Калужская
601,1774223,POINT (37.539891 55.656039),metro,Калужская
602,1774224,POINT (37.540724 55.65792),metro,Калужская
603,1774225,POINT (37.65118 55.8546056),metro,Свиблово
604,1774226,POINT (37.663208 55.868448),metro,Бабушкинская
605,1774227,POINT (37.6643751 55.8707105),metro,Бабушкинская
606,1774228,POINT (37.665231 55.870572),metro,Бабушкинская
607,1774233,POINT (37.784787 55.750544),metro,Перово
608,1774234,POINT (37.555662 55.670868),metro,Новые Черёмушки
609,1774235,POINT (37.5616571 55.6771381),metro,Профсоюзная
610,1774236,POINT (37.562204 55.676938),metro,Профсоюзная
611,1774237,POINT (37.5634052 55.6787501),metro,Профсоюзная
612,1774238,POINT (37.5639475 55.6785501),metro,Профсоюзная
613,1774239,POINT (37.5722186 55.6870202),metro,Академическая
614,1774240,POINT (37.5729207 55.6868261),metro,Академическая
615,1774241,POINT (37.5740988 55.6887732),metro,Академическая
616,1774242,POINT (37.5748037 55.6885839),metro,Академическая
617,1774245,POINT (37.6078527 55.7187168),metro,Шаболовская
618,1774247,POINT (37.633601 55.753211),metro,Китай-город
619,1774248,POINT (37.633214 55.753031),metro,Китай-город
620,1774249,POINT (37.6318543 55.7570083),metro,Китай-город
621,1774257,POINT (37.74495 55.611072),metro,Зябликово
622,1774258,POINT (37.5752041 55.8366001),metro,Петровско-Разумовская
623,1774259,POINT (37.5894504 55.8460782),metro,Владыкино
624,1774261,POINT (37.603396 55.862508),metro,Отрадное
625,1774262,POINT (37.7136586 55.7959432),metro,Преображенская площадь
626,1774263,POINT (37.7139381 55.7953691),metro,Преображенская площадь
627,1774264,POINT (37.7443096 55.6200017),metro,Шипиловская
628,1774265,POINT (37.7498276 55.6590471),metro,Братиславская
629,1774266,POINT (37.6769216 55.7180916),metro,Дубровка
630,1774267,POINT (37.680107 55.746918),metro,Римская
631,1774268,POINT (37.6581527 55.7559672),metro,Чкаловская
632,1774270,POINT (37.7142113 55.7952782),metro,Преображенская площадь
633,1774271,POINT (37.7173709 55.796357),metro,Преображенская площадь
634,1774272,POINT (37.717312 55.796439),metro,Преображенская площадь
635,1774273,POINT (37.7450544 55.8027286),metro,Черкизовская
636,1774274,POINT (37.8542378 55.6842382),metro,Жулебино
637,1774275,POINT (37.849848 55.702099),metro,Лермонтовский проспект
638,1774276,POINT (37.850545 55.701738),metro,Лермонтовский проспект
639,1774278,POINT (37.8525934 55.7005819),metro,Лермонтовский проспект
640,1774279,POINT (37.604135 55.862289),metro,Отрадное
641,1774280,POINT (37.6042175 55.8838921),metro,Бибирево
642,1774281,POINT (37.604883 55.883398),metro,Бибирево
643,1774282,POINT (37.601348 55.884416),metro,Бибирево
644,1774283,POINT (37.5865234 55.8969868),metro,Алтуфьево
645,1774284,POINT (37.5877304 55.8966671),metro,Алтуфьево
646,1774285,POINT (37.5878807 55.8991659),metro,Алтуфьево
647,1774286,POINT (37.5864325 55.8988252),metro,Алтуфьево
648,1774294,POINT (37.6053881 55.7458379),metro,Кропоткинская
649,1774298,POINT (37.617952 55.758783),metro,Охотный ряд
650,1774302,POINT (37.6385347 55.7648289),metro,Чистые пруды
651,1774305,POINT (37.655702 55.774493),metro,Комсомольская
652,1774306,POINT (37.6558441 55.7741984),metro,Комсомольская
653,1774307,POINT (37.6562468 55.7762387),metro,Комсомольская
654,1774311,POINT (37.7138546 55.7963262),metro,Преображенская площадь
655,1774312,POINT (37.7135247 55.7962682),metro,Преображенская площадь
656,1774313,POINT (37.58613 55.777624),metro,Белорусская
657,1774317,POINT (37.6565984 55.7750909),metro,Комсомольская
658,1774319,POINT (37.593328 55.735313),metro,Парк культуры
659,1774323,POINT (37.513817 55.746817),metro,Фили
660,1774324,POINT (37.51408 55.746908),metro,Фили
661,1774326,POINT (37.611553 55.7522387),metro,Александровский сад
662,1774328,POINT (37.543971 55.748092),metro,Выставочная
663,1774329,POINT (37.542796 55.750071),metro,Выставочная
664,1774330,POINT (37.6573197 55.7064354),metro,Автозаводская
665,1774332,POINT (37.5864266 55.8992238),metro,Алтуфьево
666,1774333,POINT (37.5865178 55.8967211),metro,Алтуфьево
667,1774334,POINT (37.5877138 55.8970019),metro,Алтуфьево
668,1774335,POINT (37.5878484 55.898762),metro,Алтуфьево
669,1774336,POINT (37.5966171 55.5838306),metro,Аннино
670,1774337,POINT (37.610305 55.7519886),metro,Александровский сад
671,1774338,POINT (37.6123922 55.7518779),metro,Александровский сад
672,1774339,POINT (37.6106381 55.7525264),metro,Александровский сад
673,1774340,POINT (37.6385402 55.8079292),metro,Алексеевская
674,1774341,POINT (37.5962094 55.5814637),metro,Аннино
675,1774342,POINT (37.603279 55.752386),metro,Арбатская
676,1774343,POINT (37.6016349 55.7521203),metro,Арбатская
677,1774344,POINT (37.53066 55.8004),metro,Аэропорт
678,1774345,POINT (37.5319322 55.8010499),metro,Аэропорт
679,1774346,POINT (37.5343722 55.799983),metro,Аэропорт
680,1774347,POINT (37.5318511 55.8013396),metro,Аэропорт
681,1774348,POINT (37.6633714 55.868764),metro,Бабушкинская
682,1774349,POINT (37.6642327 55.8704586),metro,Бабушкинская
683,1774350,POINT (37.6650695 55.870296),metro,Бабушкинская
684,1774351,POINT (37.497393 55.74366),metro,Багратионовская
685,1774352,POINT (37.498136 55.743873),metro,Багратионовская
686,1774353,POINT (37.581254 55.760671),metro,Баррикадная
687,1774354,POINT (37.6573731 55.7085971),metro,Автозаводская
688,1774355,POINT (37.6582104 55.7084422),metro,Автозаводская
689,1774356,POINT (37.572374 55.6871598),metro,Академическая
690,1774357,POINT (37.5730611 55.6869507),metro,Академическая
691,1774358,POINT (37.5739375 55.6886305),metro,Академическая
692,1774359,POINT (37.5745675 55.6883706),metro,Академическая
693,1774360,POINT (37.6101956 55.7522365),metro,Александровский сад
694,1774361,POINT (37.7668521 55.6321187),metro,Алма-Атинская
695,1774362,POINT (37.853175 55.699823),metro,Лермонтовский проспект
696,1774363,POINT (37.853435 55.699664),metro,Лермонтовский проспект
697,1774364,POINT (37.7673191 55.705595),metro,Кузьминки
698,1774365,POINT (37.766992 55.704878),metro,Кузьминки
699,1774366,POINT (37.7644433 55.705971),metro,Кузьминки
700,1774367,POINT (37.764105 55.705253),metro,Кузьминки
701,1774368,POINT (37.733535 55.709554),metro,Текстильщики
702,1774369,POINT (37.729033 55.70855),metro,Текстильщики
703,1774371,POINT (37.793673 55.717709),metro,Рязанский проспект
704,1774372,POINT (37.685442 55.725542),metro,Волгоградский проспект
705,1774375,POINT (37.4359691 55.8617814),metro,Планерная
706,1774377,POINT (37.8178371 55.7162301),metro,Выхино
707,1774378,POINT (37.8170054 55.7160518),metro,Выхино
708,1774380,POINT (37.678778 55.772359),metro,Бауманская
709,1774381,POINT (37.7496881 55.6592742),metro,Братиславская
710,1774382,POINT (37.7489423 55.6587008),metro,Братиславская
711,1774383,POINT (37.7164033 55.7515696),metro,Авиамоторная
712,1774384,POINT (37.7163711 55.7516802),metro,Авиамоторная
713,1774385,POINT (37.7167999 55.7519564),metro,Авиамоторная
714,1774386,POINT (37.7166177 55.7512426),metro,Авиамоторная
715,1774387,POINT (37.7170683 55.7523119),metro,Авиамоторная
716,1774388,POINT (37.7174791 55.7519341),metro,Авиамоторная
717,1774389,POINT (37.7175141 55.7509368),metro,Авиамоторная
718,1774390,POINT (37.717731 55.7509721),metro,Авиамоторная
719,1774391,POINT (37.7178218 55.7510688),metro,Авиамоторная
720,1774392,POINT (37.688427 55.72486),metro,Волгоградский проспект
721,1774393,POINT (37.6640628 55.7316821),metro,Пролетарская
722,1774394,POINT (37.6642394 55.7315311),metro,Пролетарская
723,1774395,POINT (37.664315 55.7314431),metro,Пролетарская
724,1774399,POINT (37.548946 55.7730204),metro,Беговая
725,1774400,POINT (37.4370025 55.8274301),metro,Тушинская
726,2755484,POINT (37.43463 55.8174959),metro,Спартак
727,2755485,POINT (37.4340509 55.8175469),metro,Спартак
728,2755486,POINT (37.4339862 55.8171942),metro,Спартак
729,2755487,POINT (37.4345598 55.8171574),metro,Спартак
730,2755488,POINT (37.4355097 55.8195532),metro,Спартак
731,4131710,POINT (37.4735129 55.6461425),metro,Тропарёво
732,4131713,POINT (37.474398 55.6465539),metro,Тропарёво
733,4131714,POINT (37.4717578 55.6453196),metro,Тропарёво
734,4131715,POINT (37.4709532 55.6449484),metro,Тропарёво
735,4131716,POINT (37.4721169 55.6450545),metro,Тропарёво
736,4131717,POINT (37.4713839 55.6447182),metro,Тропарёво
737,4131718,POINT (37.4727678 55.64455),metro,Тропарёво
738,4131721,POINT (37.472059 55.6442227),metro,Тропарёво
739,4485043,POINT (37.6054893 55.7650181),metro,Пушкинская
740,4485044,POINT (37.6054464 55.7642656),metro,Пушкинская
741,4485045,POINT (37.608766 55.765759),metro,Пушкинская
742,4485046,POINT (37.605901 55.764754),metro,Пушкинская
743,4485047,POINT (37.607881 55.765889),metro,Пушкинская
744,25167550,POINT (37.8563054 55.6753333),metro,Котельники
745,25167617,POINT (37.8564195 55.6748635),metro,Котельники
746,25167669,POINT (37.857287 55.674517),metro,Котельники
747,25168097,POINT (37.8576946 55.6761333),metro,Котельники
748,25168171,POINT (37.858087 55.67684),metro,Котельники
749,25168277,POINT (37.8587337 55.6737847),metro,Котельники
750,25168320,POINT (37.8592766 55.6735212),metro,Котельники
751,59714991,POINT (37.574941 55.568405),metro,Бульвар Дмитрия Донского
752,59714994,POINT (37.605908 55.640318),metro,Чертановская
753,59714996,POINT (37.610909 55.672928),metro,Нагорная
754,59714998,POINT (37.5762248 55.8193496),metro,Тимирязевская
755,59715002,POINT (37.576113 55.818872),metro,Тимирязевская
756,59715004,POINT (37.617087 55.793866),metro,Марьина роща
757,59715007,POINT (37.6770785 55.7178862),metro,Дубровка
758,59715015,POINT (37.4981752 55.8179301),metro,Войковская
759,59715017,POINT (37.5576425 55.7094701),metro,Воробьёвы горы
760,59715019,POINT (37.625138 55.759845),metro,Лубянка
761,60817812,POINT (37.5534261 55.6694562),metro,Новые Черёмушки
762,60825992,POINT (37.6358771 55.7316865),metro,Павелецкая
763,60825995,POINT (37.567234 55.7443435),metro,Киевская
764,60825996,POINT (37.5669578 55.7441049),metro,Киевская
765,60825998,POINT (37.6579115 55.7773725),metro,Комсомольская
766,62781663,POINT (37.664749 55.692807),metro,Технопарк
767,62781717,POINT (37.66449 55.694716),metro,Технопарк
768,62781753,POINT (37.664115 55.694189),metro,Технопарк
769,62781780,POINT (37.663342 55.694489),metro,Технопарк
770,64023083,POINT (37.439908 55.632939),metro,Румянцево
771,64023099,POINT (37.443499 55.632964),metro,Румянцево
772,64601382,POINT (37.424599 55.621985),metro,Саларьево
773,64601385,POINT (37.424116 55.621627),metro,Саларьево
774,273329506,POINT (37.58941 55.822225),metro,Фонвизинская
775,273329508,POINT (37.601833 55.814106),metro,Бутырская
776,273329511,POINT (37.573883 55.833251),metro,Петровско-Разумовская
777,273329533,POINT (37.575981 55.836629),metro,Петровско-Разумовская
778,277933613,POINT (37.736613 55.746438),metro,Андроновка
779,278052767,POINT (37.737601 55.746034),metro,Андроновка
780,278052788,POINT (37.746192 55.788479),metro,Измайлово
781,278052796,POINT (37.743341 55.788392),metro,Измайлово
782,278052805,POINT (37.745779 55.803199),metro,Локомотив
783,278052815,POINT (37.745116 55.802735),metro,Локомотив
784,278052824,POINT (37.737614 55.815836),metro,Бульвар Рокоссовского
785,278052831,POINT (37.702533 55.829815),metro,Белокаменная
786,278052839,POINT (37.701823 55.829128),metro,Белокаменная
787,278052846,POINT (37.669025 55.839267),metro,Ростокино
788,278052855,POINT (37.668708 55.838983),metro,Ростокино
789,278052875,POINT (37.590832 55.848215),metro,Владыкино
790,278052884,POINT (37.589783 55.846329),metro,Владыкино
791,278052893,POINT (37.572741 55.848466),metro,Окружная
792,278052902,POINT (37.618022 55.69013),metro,Верхние Котлы
793,278052911,POINT (37.648603 55.699421),metro,ЗИЛ
794,278052918,POINT (37.650607 55.698447),metro,ЗИЛ
795,278052926,POINT (37.662899 55.705366),metro,Автозаводская
796,278052933,POINT (37.660571 55.705993),metro,Автозаводская
797,278052942,POINT (37.695995 55.717481),metro,Угрешская
798,278052950,POINT (37.695652 55.717972),metro,Угрешская
799,278052959,POINT (37.694644 55.718487),metro,Угрешская
800,278052968,POINT (37.717679 55.724616),metro,Новохохловская
801,278052976,POINT (37.71803 55.724243),metro,Новохохловская
802,278053030,POINT (37.67654 55.712016),metro,Дубровка
803,278053037,POINT (37.67554 55.712889),metro,Дубровка
804,278053044,POINT (37.572848 55.848789),metro,Окружная
805,278053052,POINT (37.553611 55.846922),metro,Лихоборы
806,278053061,POINT (37.552485 55.848437),metro,Лихоборы
807,278053069,POINT (37.493991 55.825623),metro,Балтийская
808,278053077,POINT (37.488079 55.812629),metro,Стрешнево
809,278053091,POINT (37.525104 55.756268),metro,Шелепиха
810,278053118,POINT (37.534021 55.739566),metro,Кутузовская
811,278053126,POINT (37.560927 55.72088),metro,Лужники
812,278053131,POINT (37.586713 55.706911),metro,Площадь Гагарина
813,278053142,POINT (37.606426 55.689973),metro,Крымская
814,278053150,POINT (37.604996 55.690291),metro,Крымская
815,278053159,POINT (37.618185 55.689873),metro,Верхние Котлы
816,278588211,POINT (37.748493 55.758882),metro,Шоссе Энтузиастов
817,278596532,POINT (37.745428 55.758792),metro,Шоссе Энтузиастов
818,278604450,POINT (37.639684 55.845864),metro,Ботанический сад
819,278612924,POINT (37.639685 55.845328),metro,Ботанический сад
820,278621397,POINT (37.507364 55.776923),metro,Хорошёво
821,278633910,POINT (37.531719 55.747781),metro,Деловой центр
822,278640770,POINT (37.532985 55.747921),metro,Деловой центр
823,278654599,POINT (37.586019 55.707035),metro,Площадь Гагарина
824,278661855,POINT (37.747759 55.770326),metro,Соколиная Гора
825,278668873,POINT (37.748201 55.770252),metro,Соколиная Гора
826,278675957,POINT (37.746088 55.770137),metro,Соколиная Гора
827,278681837,POINT (37.7450907 55.7699209),metro,Соколиная Гора
828,328188244,POINT (37.498177 55.723626),metro,Минская
829,328188245,POINT (37.497627 55.72346),metro,Минская
830,328188515,POINT (37.497911 55.696806),metro,Раменки
831,328188516,POINT (37.49716 55.696361),metro,Раменки
832,328188519,POINT (37.496259 55.696873),metro,Раменки
833,328188520,POINT (37.496672 55.6971),metro,Раменки
834,328188523,POINT (37.49927 55.698485),metro,Раменки
835,328188526,POINT (37.499855 55.698797),metro,Раменки
836,328188532,POINT (37.513423 55.705405),metro,Ломоносовский проспект
837,328188534,POINT (37.512549 55.705872),metro,Ломоносовский проспект
838,328188535,POINT (37.514524 55.706777),metro,Ломоносовский проспект
839,328188536,POINT (37.518038 55.707613),metro,Ломоносовский проспект
840,328188538,POINT (37.517277 55.707311),metro,Ломоносовский проспект
841,328188540,POINT (37.515447 55.737099),metro,Парк Победы
842,423632194,POINT (37.604157 55.766041),metro,Пушкинская
843,832654654,POINT (37.482345 55.877286),metro,Ховрино
844,832654656,POINT (37.481513 55.87751),metro,Ховрино
845,836666220,POINT (37.480658 55.879294),metro,Ховрино
846,851012099,POINT (37.558749 55.792679),metro,Петровский парк
847,851013127,POINT (37.55833 55.792257),metro,Петровский парк
848,851025878,POINT (37.556103 55.790692),metro,Петровский парк
849,851030947,POINT (37.532015 55.785736),metro,ЦСКА
850,851047140,POINT (37.534268 55.787356),metro,ЦСКА
851,851048066,POINT (37.517028 55.777371),metro,Хорошёвская
852,851048621,POINT (37.521915 55.776995),metro,Хорошёвская
853,851050946,POINT (37.52441 55.755967),metro,Шелепиха
854,851051483,POINT (37.52323 55.757782),metro,Шелепиха
855,859914522,POINT (37.576419 55.844388),metro,Окружная
856,859914548,POINT (37.576221 55.844714),metro,Окружная
857,859914553,POINT (37.573724 55.847276),metro,Окружная
858,859914565,POINT (37.561126 55.854575),metro,Верхние Лихоборы
859,859914570,POINT (37.559627 55.857366),metro,Верхние Лихоборы
860,859914597,POINT (37.559982 55.857765),metro,Верхние Лихоборы
861,859914619,POINT (37.560684 55.857508),metro,Верхние Лихоборы
862,859914634,POINT (37.548314 55.865397),metro,Селигерская
863,859914643,POINT (37.548062 55.866015),metro,Селигерская
864,859914656,POINT (37.546566 55.86549),metro,Селигерская
865,859914666,POINT (37.54589 55.865189),metro,Селигерская
866,886135230,POINT (37.483401 55.689594),metro,Мичуринский проспект
867,886135271,POINT (37.483989 55.68856),metro,Мичуринский проспект
868,886135291,POINT (37.450153 55.671377),metro,Озерная
869,886135317,POINT (37.450714 55.671623),metro,Озерная
870,886135393,POINT (37.451291 55.670665),metro,Озерная
871,886135443,POINT (37.447595 55.670413),metro,Озерная
872,886135457,POINT (37.41877 55.65934),metro,Говорово
873,886135472,POINT (37.417912 55.659355),metro,Говорово
874,886135482,POINT (37.415686 55.659361),metro,Говорово
875,886135498,POINT (37.416347 55.659387),metro,Говорово
876,886135518,POINT (37.391905 55.650061),metro,Солнцево
877,886135534,POINT (37.389874 55.648598),metro,Солнцево
878,886135571,POINT (37.390365 55.648455),metro,Солнцево
879,886135588,POINT (37.371789 55.648399),metro,Боровское шоссе
880,886135614,POINT (37.368589 55.647142),metro,Боровское шоссе
881,886135618,POINT (37.356337 55.640613),metro,Новопеределкино
882,886135644,POINT (37.356265 55.640068),metro,Новопеределкино
883,886135664,POINT (37.35345 55.638905),metro,Новопеределкино
884,886135675,POINT (37.35396 55.638629),metro,Новопеределкино
885,886135690,POINT (37.334769 55.634202),metro,Рассказовка
886,886135701,POINT (37.335603 55.634309),metro,Рассказовка
887,886135715,POINT (37.33659 55.634466),metro,Рассказовка
888,886135751,POINT (37.332704 55.633872),metro,Рассказовка
889,886135788,POINT (37.333584 55.633998),metro,Рассказовка
890,904474390,POINT (37.475089 55.865217),metro,Беломорская
891,904474391,POINT (37.47621 55.865504),metro,Беломорская
892,906044451,POINT (37.50252 55.789005),metro,Зорге
893,906044607,POINT (37.507018 55.789452),metro,Зорге
894,906044609,POINT (37.498397 55.797227),metro,Панфиловская
895,906044634,POINT (37.499876 55.798441),metro,Панфиловская
896,906044635,POINT (37.520884 55.840923),metro,Коптево
897,906044636,POINT (37.522684 55.839702),metro,Коптево
898,906044651,POINT (37.588813 55.794205),metro,Савеловская
899,906044703,POINT (37.589725 55.794021),metro,Савёловская
900,929924145,POINT (37.896188 55.709424),metro,Лухмановская
901,929924163,POINT (37.896687 55.709702),metro,Лухмановская
902,929924185,POINT (37.897175 55.709642),metro,Лухмановская
903,929925061,POINT (37.902522 55.708211),metro,Лухмановская
904,929926594,POINT (37.929124 55.702648),metro,Некрасовка
905,929926979,POINT (37.924331 55.703822),metro,Некрасовка
906,929927037,POINT (37.925329 55.704604),metro,Некрасовка
907,929927050,POINT (37.930519 55.70193),metro,Некрасовка
908,929929844,POINT (37.930165 55.701667),metro,Некрасовка
909,929929871,POINT (37.928711 55.702406),metro,Некрасовка
910,929929894,POINT (37.926917 55.703801),metro,Некрасовка
911,929929920,POINT (37.926477 55.703486),metro,Некрасовка
912,929930292,POINT (37.925678 55.703153),metro,Некрасовка
913,929930849,POINT (37.925399 55.70328),metro,Некрасовка
914,929931462,POINT (37.924573 55.703683),metro,Некрасовка
915,929932310,POINT (37.877554 55.710814),metro,улица Дмитриевского
916,929932634,POINT (37.878113 55.710847),metro,улица Дмитриевского
917,929932641,POINT (37.879491 55.710886),metro,улица Дмитриевского
918,930071451,POINT (37.409191 55.601421),metro,Филатов луг
919,930071455,POINT (37.406981 55.600717),metro,Филатов луг
920,930071460,POINT (37.433325 55.587048),metro,Прокшино
921,930071468,POINT (37.432091 55.58624),metro,Прокшино
922,930071478,POINT (37.459612 55.568309),metro,Ольховая
923,930071482,POINT (37.470416 55.559825),metro,Коммунарка
924,930071489,POINT (37.469832 55.560132),metro,Коммунарка
925,930071511,POINT (37.468834 55.559688),metro,Коммунарка
926,930071523,POINT (37.468212 55.559439),metro,Коммунарка
927,930238047,POINT (37.850991 55.702815),metro,Косино
928,930240593,POINT (37.850286 55.704281),metro,Косино
929,1032937413,POINT (37.5655148 55.7239984),metro,Спортивная
930,1032937415,POINT (37.6016736 55.7450636),metro,Кропоткинская
931,1032937417,POINT (37.6568976 55.7774812),metro,Комсомольская
932,1032937419,POINT (37.6109171 55.7294594),metro,Октябрьская
933,1032991449,POINT (37.8179072 55.7051263),metro,Юго-Восточная
934,1032991450,POINT (37.81782137 55.7057866),metro,Юго-Восточная
935,1032991451,POINT (37.81648563 55.7056321),metro,Юго-Восточная
936,1032991456,POINT (37.81682895 55.7058745),metro,Юго-Восточная
937,1032991458,POINT (37.78048645 55.7187253),metro,Окская
938,1032991459,POINT (37.78106045 55.7190917),metro,Окская
939,1032991460,POINT (37.78131257 55.7194671),metro,Окская
940,1032991461,POINT (37.78217712 55.7186004),metro,Окская
941,1032991462,POINT (37.75292723 55.7274658),metro,Стахановская
942,1032991463,POINT (37.75149493 55.7271873),metro,Стахановская
943,1032991511,POINT (37.729302 55.732024),metro,Нижегородская
944,1032991592,POINT (37.70492863 55.7644639),metro,Лефортово
945,1034720951,POINT (37.589056 55.82173),metro,Фонвизинская
946,1034721000,POINT (37.586074 55.823595),metro,Фонвизинская
947,1034721026,POINT (37.586546 55.824017),metro,Фонвизинская
948,1034721029,POINT (37.4800019 55.8785425),metro,Ховрино
949,1034721036,POINT (37.4802943 55.8780027),metro,Ховрино
950,1034721044,POINT (37.506481 55.777711),metro,Хорошёво
951,1034721055,POINT (37.520828 55.777926),metro,Хорошёвская
952,1034721184,POINT (37.525967 55.756705),metro,Шелепиха
953,1034752102,POINT (37.71947796 55.7532463),metro,Авиамоторная
954,1035316206,POINT (37.604347 55.812523),metro,Бутырская
955,1035316210,POINT (37.742729 55.788461),metro,Измайлово
956,1035316211,POINT (37.783228 55.78762),metro,Измайловская
957,1035316212,POINT (37.780152 55.787611),metro,Измайловская
958,1035316213,POINT (37.780143 55.7878),metro,Измайловская
959,1035316215,POINT (37.5534097 55.8470851),metro,Лихоборы
960,1035316216,POINT (37.5518169 55.848434),metro,Лихоборы
961,1035316217,POINT (37.5154001 55.706276),metro,Ломоносовский проспект
962,1035316218,POINT (37.597239 55.769445),metro,Маяковская
963,1035316219,POINT (37.533603 55.747889),metro,Международная
964,1035316220,POINT (37.534391 55.747474),metro,Международная
965,1035316221,POINT (37.535759 55.747751),metro,Международная
966,1035316222,POINT (37.533334 55.7487137),metro,Международная
967,1035316228,POINT (37.730478 55.732786),metro,Нижегородская
968,1035316232,POINT (37.500945 55.698424),metro,Раменки
969,1035316233,POINT (37.422748 55.621387),metro,Саларьево
970,1035316234,POINT (37.421949 55.621721),metro,Саларьево
971,1035316235,POINT (37.422603 55.621627),metro,Саларьево
972,1035316236,POINT (37.421745 55.621642),metro,Саларьево
973,1035316237,POINT (37.422426 55.62118),metro,Саларьево
974,1035316238,POINT (37.421498 55.621575),metro,Саларьево
975,1035316239,POINT (37.422276 55.621068),metro,Саларьево
976,1035316240,POINT (37.421235 55.621514),metro,Саларьево
977,1035316242,POINT (37.75149493 55.7271873),metro,Стахановская
978,1035316243,POINT (37.4860835 55.8121761),metro,Стрешнево
979,1035316244,POINT (37.4872291 55.8145411),metro,Стрешнево
980,1035316245,POINT (37.664576 55.694192),metro,Технопарк
981,1035316246,POINT (37.665751 55.694552),metro,Технопарк
982,1035316247,POINT (37.667103 55.694643),metro,Технопарк
983,1035316248,POINT (37.667081 55.694468),metro,Технопарк
984,1035316250,POINT (37.586074 55.823595),metro,Фонвизинская
985,1035316254,POINT (37.4816 55.8769),metro,Ховрино
986,1047572669,POINT (37.49516 55.82455),metro,Балтийская
987,1047573174,POINT (37.54897 55.77326),metro,Беговая
988,1047573572,POINT (37.3712129 55.6481824),metro,Боровское шоссе
989,1047574240,POINT (37.600916 55.814164),metro,Бутырская
990,1047574831,POINT (37.603875 55.812336),metro,Бутырская
991,1047576705,POINT (37.538825 55.748201),metro,Деловой центр
992,1047577033,POINT (37.538761 55.748843),metro,Деловой центр
993,1047577769,POINT (37.717847 55.611412),metro,Домодедовская
994,1047581058,POINT (37.716677 55.6111175),metro,Домодедовская
995,1047583491,POINT (37.533477 55.7402238),metro,Кутузовская
996,1047583839,POINT (37.5154001 55.706276),metro,Ломоносовский проспект
997,1047584021,POINT (37.533603 55.747889),metro,Международная
998,1047585953,POINT (37.386565 55.825916),metro,Мякинино
999,1047586011,POINT (37.6045907 55.864361),metro,Отрадное
1000,1047586162,POINT (37.6060552 55.8639387),metro,Отрадное
1001,1047586871,POINT (37.572543 55.833272),metro,Петровско-Разумовская
1002,1048055808,POINT (37.7283267 55.692846),metro,Печатники
1003,1048056549,POINT (37.7450907 55.7699209),metro,Соколиная Гора
1004,1048056812,POINT (37.3924585 55.6506675),metro,Солнцево
1005,1048057530,POINT (37.4860835 55.8121761),metro,Стрешнево
1006,1048061984,POINT (37.730364 55.731221),metro,Нижегородская
1007,1048062917,POINT (37.730975 55.730876),metro,Нижегородская
1008,1048062921,POINT (37.731592 55.73074),metro,Нижегородская
1009,1048091862,POINT (37.730672 55.732877),metro,Нижегородская
1010,1048091868,POINT (37.730855 55.733506),metro,Нижегородская
1011,1048314798,POINT (37.59791 55.5837),metro,Аннино
1012,1056441570,POINT (37.7439623 55.6489065),metro,Марьино
1013,1056492949,POINT (37.676646 55.711591),metro,Дубровка
